frame,car_id,class_id,confidence,x1,y1,x2,y2,mask_pixels,mask_file
0000002449,1,2,0.9167,17,189,332,292,18767,car_01.png
0000002449,2,2,0.8079,993,171,1088,198,2090,car_02.png
0000002449,3,2,0.7021,456,181,525,213,2210,car_03.png
0000002449,4,2,0.6327,871,173,901,196,805,car_04.png
0000002449,5,2,0.632,800,175,825,195,805,car_05.png
0000002449,6,2,0.6238,836,171,869,196,715,car_06.png
0000002449,7,2,0.4549,661,174,691,198,635,car_07.png
0000002449,8,2,0.4194,312,186,371,219,1779,car_08.png
0000002449,9,2,0.3517,1100,167,1141,187,1012,car_09.png
0000002449,10,2,0.3279,906,173,941,194,1012,car_10.png
0000002449,11,2,0.316,971,171,991,192,320,car_11.png
0000002449,12,2,0.2987,931,175,954,193,679,car_12.png
0000002449,13,2,0.2638,1100,165,1186,188,2024,car_13.png
