frame,status,cars_detected,lidar_points_in_image,associated_points
0000000100,completed,7,26599,4398
0000000250,completed,4,27523,1259
0000000360,completed,4,27048,1372
0000000570,completed,0,27882,0
0000000644,completed,2,28289,1276
0000000729,completed,1,27542,496
0000000947,completed,5,25343,4983
0000001134,completed,3,25407,5461
0000001280,completed,2,27722,1214
0000001338,completed,3,28027,676
0000001461,completed,8,25952,1402
0000001597,completed,4,27123,1821
0000001791,completed,3,26752,888
0000001866,completed,1,27554,36
0000002033,completed,4,25541,2281
0000002098,completed,14,26819,5528
0000002449,completed,13,27520,2626
0000002717,completed,2,26998,987
0000002903,completed,1,27368,2969
0000002939,completed,1,26710,1260
