object_id,positive_depth_corners,inside_image_corners,u_min,u_max,v_min,v_max,bbox_overlaps_image
111,8,0,-70.05,-19.36,211.34,223.82,False
120,8,6,-8.86,40.55,208.01,222.72,True
131,8,8,145.28,190.26,203.35,215.66,True
132,8,8,107.06,153.02,204.83,217.1,True
145,8,8,455.39,494.1,189.99,202.86,True
176,8,8,202.85,255.03,199.21,213.94,True
193,8,8,620.27,647.43,184.53,194.02,True
194,8,8,621.65,644.89,182.89,193.49,True
195,8,8,622.85,654.68,178.26,192.78,True
196,8,8,690.59,714.41,180.45,190.95,True
197,8,8,692.39,717.32,180.25,190.84,True
198,8,8,696.08,721.24,179.56,191.17,True
199,8,8,697.29,725.44,179.98,191.73,True
200,8,8,699.42,725.43,180.62,192.01,True
205,8,8,578.73,631.01,185.21,205.62,True
206,8,8,569.69,618.68,185.83,207.1,True
207,8,8,583.2,623.84,185.36,204.01,True
208,8,8,584.63,630.05,181.64,202.27,True
210,8,8,752.0,877.24,160.34,217.05,True
211,8,8,752.95,900.17,168.23,221.36,True
215,8,8,785.25,1031.47,158.67,245.16,True
216,8,8,822.49,1085.11,158.46,255.62,True
217,8,8,886.1,1224.21,169.64,282.76,True
218,8,6,911.17,1470.87,143.29,330.06,True
221,0,0,nan,nan,nan,nan,False
222,0,0,nan,nan,nan,nan,False
223,0,0,nan,nan,nan,nan,False
274,8,8,347.21,391.54,194.47,207.09,True
277,4,0,2123.68,4596.11,-228.64,908.74,False
281,8,4,-64.24,12.87,205.27,222.77,True
287,8,0,-193.87,-143.04,216.56,229.13,False
