object_index,corner_count,min_x,min_y,min_z,max_x,max_y,max_z
111,8,-108.11953572416087,-3.014359982848447,78.84349588750842,-102.77008108468499,-1.1227877030896138,81.57277320001504
120,8,-90.11367802127188,-3.248161325591525,71.58777128716576,-85.70637323889014,-1.2208658718593597,74.31945458932717
131,8,-73.1949644558099,-4.1794798804751,74.8094437450469,-68.41592250296435,-2.389509501654402,77.40503655035468
132,8,-78.99030492183829,-3.9663345545221773,75.36801456400838,-74.16024286378797,-2.170988091282453,78.0027112023746
145,8,-30.850682419665645,-6.366174710746094,74.95397303098287,-26.22232943915742,-4.417384601640862,77.2537872921996
176,8,-60.76682268457262,-4.534209077962316,69.97107208452985,-55.86102409410205,-2.4903932714167354,72.37945222682185
193,8,-10.024733873110108,-8.548079167390654,88.61728705672977,-5.65287241663782,-6.827107118432963,90.6631172949593
194,8,-10.308565378371895,-9.279395779273273,93.06634101971656,-6.381702119294914,-7.262996937234334,95.47748758361183
195,8,-10.833113870625766,-10.79879865857643,99.71631743134958,-5.03356056212624,-7.917007689718986,102.40622556324809
196,8,1.472964325322664,-10.206341840438,97.24309781303896,5.65930579766291,-8.122885673272634,99.65571086530986
197,8,1.7406591468161423,-9.931434589263603,94.23276975599413,5.982823266374908,-7.892770090365104,96.61620640215983
198,8,2.3273055029130774,-9.809491616795668,91.83380004591027,6.482296963345561,-7.642488140720616,94.28422536913456
199,8,2.3376557858823617,-8.998564634230291,84.72751596173714,6.631617280098453,-6.967484760673216,87.07484900561985
200,8,2.587410436206028,-8.614852309972036,81.83420895948393,6.402149860922236,-6.690240669020369,84.28655599779313
205,8,-8.968949633776447,-4.6327516850483335,47.3912820372077,-4.548193842028013,-2.6343370645610094,49.974399137065575
206,8,-9.187305163041856,-4.309351598824435,44.674288818089394,-5.339675278103186,-2.3587968132975448,47.143007657971566
207,8,-9.037250581191984,-4.832369368393785,49.944121083044706,-5.451534707593055,-2.924829527850534,52.32354236937522
208,8,-9.792181172937035,-5.696120674653031,54.878395244964054,-5.350619768739762,-3.3892272599417765,57.55171567534069
210,8,3.079997916359389,-3.390813262988047,22.146893658649105,7.992328524034747,-0.8299404494743214,24.993369116130452
211,8,2.8230955764706778,-2.7828171172488965,19.773652927574858,8.00487399911708,-0.5857209721515346,22.651121494539893
215,8,2.789846980796028,-2.100468738276561,12.625250444831181,8.163334777656019,0.16843526207551918,15.35124654748995
216,8,3.1732442674428967,-1.7624385522215675,10.47164878302442,7.814690284015342,0.3350862598075821,12.839906247431031
217,8,3.71462168196922,-1.2515247741448547,8.066633160874403,8.115924430471296,0.6532168788376396,10.36562664458188
218,8,3.206242054252016,-1.2268265864112493,5.501893729715675,8.13097144818812,0.9310779442569412,8.05496934418818
221,8,3.8684677687488147,-0.3457367861189766,-3.935195124400707,8.41951854243871,1.8084816716247474,-1.7355191979656865
222,8,3.6743188989539703,-0.2578645313813013,-6.22703808140659,8.24405958580519,2.0610490786656896,-3.809765661419533
223,8,3.4329346019194418,0.3417275554056687,-8.693231183632633,7.9734981147685176,2.349842927033592,-6.721901238178361
274,8,-45.48306269648174,-5.632161552064076,74.9033213354329,-40.507611763508066,-3.734125341193362,77.16069221696375
277,8,2.9212165071830896,-1.0179719775256615,-1.3874205901799996,8.268646500873274,1.6021637400272368,1.3478160735426172
281,8,-115.88962916943456,-4.505624072264084,85.42151274106254,-112.34547760079295,-1.3849882160719176,93.17030986335737
287,8,-123.18633598083579,-2.070009225162721,76.76845925332759,-117.94942235641338,-0.2255466689599075,79.95960650249287
